{
  "backend": "jittor",
  "trace": "jittor_controller_repro/runs/locomo_torch_real_cached_trace.npz",
  "n_steps": 119,
  "state_dim": 2048,
  "op_dim": 1024,
  "action_top_k": 3,
  "epochs": 20,
  "forward_sec_mean": 0.12655492550006783,
  "forward_sec_std": 0.012736505098044299,
  "evaluate_sec_mean": 0.008546142449949912,
  "evaluate_sec_std": 0.0010102546885000542,
  "loss_sec_mean": 0.04363277629972799,
  "loss_sec_std": 0.00551753134779741,
  "train_step_sec_mean": 0.022659480399624954,
  "train_step_sec_std": 0.0034233752848607706,
  "epoch_sec_mean": 0.20927495834989712,
  "epoch_sec_std": 0.018341224384578726,
  "total_loss_mean": -0.2156583468429744,
  "total_loss_std": 0.012267349724646272,
  "policy_loss_mean": -0.202103815600276,
  "policy_loss_std": 0.012208896116562246,
  "value_loss_mean": 0.00044725512125296516,
  "value_loss_std": 0.0003417945206126812,
  "entropy_mean": 1.3778158940374852,
  "entropy_std": 0.008247291438139707,
  "updates_per_epoch": 8
}
