{
  "backend": "torch",
  "trace": "jittor_controller_repro/runs/locomo_torch_real_cached_trace.npz",
  "n_steps": 119,
  "state_dim": 2048,
  "op_dim": 1024,
  "action_top_k": 3,
  "epochs": 20,
  "forward_sec_mean": 0.12637469155001782,
  "forward_sec_std": 0.011317727958707125,
  "evaluate_sec_mean": 0.051021169950035986,
  "evaluate_sec_std": 0.010712253695734829,
  "loss_sec_mean": 0.041755492449738085,
  "loss_sec_std": 0.007026798795288072,
  "train_step_sec_mean": 0.02797384834989316,
  "train_step_sec_std": 0.004108178883564939,
  "epoch_sec_mean": 0.2499531914000727,
  "epoch_sec_std": 0.02368213779270214,
  "total_loss_mean": -0.21915874956175685,
  "total_loss_std": 0.011800117729323304,
  "policy_loss_mean": -0.20560846710577607,
  "policy_loss_std": 0.011745809724551588,
  "value_loss_mean": 0.0003572013994016743,
  "value_loss_std": 0.00034211098087289307,
  "entropy_mean": 1.3728883937001228,
  "entropy_std": 0.01003348405315565,
  "updates_per_epoch": 8
}
